schemeId,firstName,LastName,email,mobile
1,Liam,Kenneth,liam@kenneth@tengroup.com,12345678
2,Liam,Kenneth,liamkenneth@tengroup.com,12345678
3,Liam,Kenneth,liamkenneth@tengroup.com,12345678
4,Liam,Kenneth,lia@mkenneth@tengroup.com,12345678
5,Liam,Kenneth,liamkenneth@tengroup.com,12345678
6,Liam,Kenneth,lia@mkenneth@tengroup.com,12345678
7,Liam,Kenneth,liamkenneth@tengroup.com,12345678
8,Liam,Kenneth,liamke@nneth@tengroup.com,12345678
9,Liam,Kenneth,liamkenneth@tengroup.com,12345678
10,Liam,Kenneth,liamkenneth@tengroup.com,12345678
11,Liam,Kenneth,liam1##@kenneth@tengroup.com,12345678